<DATE>;<TIME>;<OPEN>;<HIGH>;<LOW>;<CLOSE>;<VOL>
20190403;190000;95.0000000;95.0000000;95.0000000;95.0000000;100
20190404;140000;94.0000000;94.0000000;94.0000000;94.0000000;200
20190404;170000;88.0000000;92.0000000;88.0000000;92.0000000;200
20190417;110000;110.0000000;117.0000000;94.0000000;117.0000000;2900
20190417;120000;115.0000000;117.0000000;107.0000000;111.0000000;2500
20190417;130000;109.0000000;109.0000000;107.0000000;107.0000000;200
20190417;140000;105.0000000;105.0000000;104.0000000;104.0000000;200
20190417;150000;108.0000000;108.0000000;108.0000000;108.0000000;100
20190417;160000;107.0000000;107.0000000;107.0000000;107.0000000;100
20190417;170000;109.0000000;112.0000000;109.0000000;112.0000000;800
20190417;180000;109.0000000;109.0000000;109.0000000;109.0000000;100
20190417;190000;108.0000000;112.0000000;108.0000000;112.0000000;300
20190418;110000;115.0000000;115.0000000;105.0000000;111.0000000;1800
20190418;120000;109.0000000;109.0000000;100.0000000;105.0000000;1200
20190418;150000;104.0000000;104.0000000;104.0000000;104.0000000;100
20190418;160000;103.0000000;103.0000000;103.0000000;103.0000000;100
20190418;190000;103.0000000;103.0000000;101.0000000;101.0000000;200
20190419;110000;101.0000000;101.0000000;100.0000000;100.0000000;200
20190419;120000;103.0000000;109.0000000;103.0000000;107.0000000;1200
20190419;130000;110.0000000;115.0000000;107.0000000;107.0000000;2700
20190419;140000;107.0000000;107.0000000;104.0000000;106.0000000;400
20190419;180000;109.0000000;113.0000000;103.0000000;103.0000000;1200
20190419;190000;102.0000000;106.0000000;102.0000000;102.0000000;400
20190422;120000;97.0000000;105.0000000;94.0000000;105.0000000;1400
20190422;130000;105.0000000;105.0000000;105.0000000;105.0000000;200
20190422;140000;105.0000000;105.0000000;105.0000000;105.0000000;100
20190422;170000;99.0000000;99.0000000;99.0000000;99.0000000;200
20190422;180000;98.0000000;98.0000000;98.0000000;98.0000000;200
20190422;190000;94.0000000;99.0000000;94.0000000;99.0000000;600
20190423;120000;96.0000000;96.0000000;95.0000000;95.0000000;200
20190423;150000;97.0000000;97.0000000;97.0000000;97.0000000;100
20190423;180000;96.0000000;96.0000000;96.0000000;96.0000000;100
20190423;190000;95.0000000;95.0000000;95.0000000;95.0000000;100
20190424;110000;100.0000000;107.0000000;98.0000000;107.0000000;1200
20190424;120000;105.0000000;106.0000000;105.0000000;106.0000000;500
20190424;130000;106.0000000;106.0000000;106.0000000;106.0000000;100
20190424;140000;105.0000000;105.0000000;101.0000000;101.0000000;200
20190424;150000;100.0000000;100.0000000;97.0000000;97.0000000;600
20190424;180000;98.0000000;98.0000000;96.0000000;96.0000000;400
20190424;190000;96.0000000;96.0000000;96.0000000;96.0000000;300
20190425;110000;106.0000000;113.0000000;101.0000000;102.0000000;1900
20190425;120000;104.0000000;105.0000000;99.0000000;105.0000000;500
20190425;130000;105.0000000;106.0000000;105.0000000;106.0000000;500
20190425;160000;102.0000000;102.0000000;102.0000000;102.0000000;100
20190425;170000;104.0000000;104.0000000;102.0000000;102.0000000;200
20190425;190000;100.0000000;100.0000000;100.0000000;100.0000000;800
20190426;110000;106.0000000;106.0000000;106.0000000;106.0000000;100
20190426;120000;96.0000000;96.0000000;96.0000000;96.0000000;100
20190426;170000;98.0000000;98.0000000;98.0000000;98.0000000;100
20190426;180000;99.0000000;99.0000000;99.0000000;99.0000000;100
20190426;190000;96.0000000;96.0000000;96.0000000;96.0000000;200
20190429;130000;95.0000000;95.0000000;95.0000000;95.0000000;100
20190429;140000;95.0000000;95.0000000;95.0000000;95.0000000;100
20190430;160000;92.0000000;94.0000000;92.0000000;94.0000000;200
20190506;110000;99.5000000;99.5000000;99.5000000;99.5000000;100
20190506;160000;96.0000000;96.0000000;96.0000000;96.0000000;100
20190507;140000;84.5000000;94.0000000;84.5000000;94.0000000;300
20190510;110000;97.0000000;109.5000000;94.0000000;94.0000000;600
20190510;140000;92.5000000;92.5000000;92.5000000;92.5000000;200
20190514;170000;92.5000000;92.5000000;92.5000000;92.5000000;100
20190517;130000;80.0000000;88.5000000;62.0000000;80.5000000;1800
20190517;140000;82.0000000;82.0000000;82.0000000;82.0000000;100
20190517;160000;83.5000000;84.0000000;83.5000000;84.0000000;600
20190517;190000;83.0000000;85.0000000;83.0000000;85.0000000;600
20190520;110000;76.0000000;82.0000000;72.5000000;82.0000000;700
20190520;120000;80.0000000;80.5000000;80.0000000;80.5000000;400
20190520;130000;90.0000000;90.0000000;82.0000000;82.0000000;200
20190520;160000;80.5000000;80.5000000;80.5000000;80.5000000;400
20190520;180000;80.5000000;80.5000000;80.5000000;80.5000000;200
20190520;190000;80.5000000;80.5000000;80.5000000;80.5000000;300
20190521;150000;80.0000000;80.0000000;80.0000000;80.0000000;200
20190521;190000;85.0000000;85.0000000;85.0000000;85.0000000;100
20190522;180000;80.5000000;80.5000000;73.0000000;73.0000000;3200
20190522;190000;75.0000000;76.5000000;75.0000000;76.5000000;200
20190523;110000;79.0000000;79.0000000;76.0000000;76.0000000;300
20190523;130000;75.0000000;75.0000000;75.0000000;75.0000000;100
20190524;140000;75.5000000;75.5000000;75.5000000;75.5000000;100
20190524;190000;76.5000000;76.5000000;76.5000000;76.5000000;100
20190529;180000;74.5000000;74.5000000;74.5000000;74.5000000;100
20190603;150000;73.0000000;74.0000000;73.0000000;74.0000000;200
20190607;110000;75.0000000;75.0000000;75.0000000;75.0000000;100
20190607;130000;78.0000000;78.0000000;78.0000000;78.0000000;100
20190607;160000;76.0000000;76.0000000;76.0000000;76.0000000;100
20190607;170000;76.0000000;76.0000000;76.0000000;76.0000000;400
20190607;180000;74.5000000;74.5000000;74.0000000;74.0000000;200
20190607;190000;74.0000000;74.0000000;72.5000000;73.0000000;1800
20190611;190000;72.5000000;72.5000000;72.5000000;72.5000000;100
20190613;140000;72.0000000;72.0000000;72.0000000;72.0000000;100
20190613;190000;74.5000000;77.0000000;74.5000000;77.0000000;500
20190617;110000;74.0000000;74.0000000;74.0000000;74.0000000;100
20190617;190000;76.0000000;76.0000000;76.0000000;76.0000000;400
20190619;120000;72.5000000;74.0000000;72.0000000;72.0000000;500
20190619;130000;74.0000000;74.0000000;74.0000000;74.0000000;100
20190620;130000;76.0000000;76.0000000;74.0000000;74.0000000;200
20190624;190000;72.5000000;72.5000000;72.5000000;72.5000000;200
20190626;110000;75.0000000;75.0000000;75.0000000;75.0000000;100
20190626;120000;75.0000000;75.0000000;75.0000000;75.0000000;200
20190626;140000;73.0000000;73.0000000;73.0000000;73.0000000;100
20190626;170000;74.5000000;74.5000000;74.5000000;74.5000000;100
20190626;180000;74.5000000;74.5000000;74.5000000;74.5000000;200
20190628;130000;73.0000000;73.0000000;72.5000000;72.5000000;200
20190628;180000;73.5000000;73.5000000;73.5000000;73.5000000;100
20190702;150000;76.0000000;76.0000000;76.0000000;76.0000000;100
20190703;110000;74.5000000;74.5000000;74.5000000;74.5000000;100
20190703;120000;77.0000000;77.0000000;77.0000000;77.0000000;100
20190708;130000;77.0000000;77.0000000;77.0000000;77.0000000;100
20190709;120000;77.0000000;77.5000000;76.0000000;77.5000000;300
20190709;130000;78.0000000;78.5000000;78.0000000;78.0000000;400
20190709;160000;79.0000000;79.0000000;79.0000000;79.0000000;100
20190709;190000;76.0000000;76.0000000;76.0000000;76.0000000;1300
20190710;160000;79.0000000;79.0000000;79.0000000;79.0000000;100
20190710;180000;78.0000000;78.0000000;78.0000000;78.0000000;100
20190711;110000;79.0000000;79.0000000;79.0000000;79.0000000;100
20190711;140000;79.5000000;79.5000000;79.5000000;79.5000000;100
20190711;150000;75.0000000;76.0000000;75.0000000;76.0000000;200
20190712;110000;75.0000000;75.0000000;75.0000000;75.0000000;100
20190712;130000;74.0000000;74.0000000;74.0000000;74.0000000;100
20190712;150000;78.0000000;78.0000000;78.0000000;78.0000000;100
20190717;130000;79.0000000;79.0000000;79.0000000;79.0000000;100
20190717;170000;77.5000000;77.5000000;77.5000000;77.5000000;300
20190718;110000;85.0000000;85.0000000;75.0000000;75.0000000;400
20190718;150000;79.0000000;79.0000000;79.0000000;79.0000000;100
20190718;180000;76.5000000;76.5000000;76.5000000;76.5000000;100
20190723;120000;80.5000000;82.5000000;79.5000000;82.0000000;900
20190723;130000;82.0000000;82.0000000;81.0000000;81.0000000;500
20190723;150000;81.0000000;81.0000000;81.0000000;81.0000000;100
20190725;180000;84.0000000;84.0000000;84.0000000;84.0000000;100
20190725;190000;80.5000000;80.5000000;80.5000000;80.5000000;100
20190726;130000;83.5000000;83.5000000;83.5000000;83.5000000;100
20190726;150000;80.0000000;80.0000000;80.0000000;80.0000000;100
20190726;180000;83.5000000;83.5000000;83.5000000;83.5000000;100
20190730;110000;76.5000000;76.5000000;76.5000000;76.5000000;400
20190730;130000;82.0000000;82.0000000;82.0000000;82.0000000;100
20190730;140000;81.5000000;81.5000000;81.5000000;81.5000000;200
20190802;160000;79.0000000;79.0000000;79.0000000;79.0000000;100
20190805;110000;75.0000000;78.5000000;75.0000000;75.0000000;2000
20190805;120000;75.5000000;75.5000000;75.5000000;75.5000000;100
20190805;130000;77.0000000;77.0000000;77.0000000;77.0000000;100
20190805;160000;77.0000000;77.0000000;77.0000000;77.0000000;100
20190806;160000;77.5000000;77.5000000;77.5000000;77.5000000;300
20190826;130000;75.0000000;75.0000000;75.0000000;75.0000000;100
20190827;110000;80.0000000;80.0000000;78.0000000;80.0000000;700
20190827;120000;80.5000000;80.5000000;80.5000000;80.5000000;200
20190827;130000;78.5000000;80.5000000;78.5000000;80.5000000;200
20190827;140000;78.0000000;78.0000000;77.5000000;77.5000000;300
20190827;150000;80.0000000;80.0000000;80.0000000;80.0000000;110
20190903;120000;78.0000000;78.5000000;75.5000000;77.5000000;360
20190903;130000;78.0000000;78.0000000;76.5000000;78.0000000;160
20190903;150000;76.5000000;76.5000000;76.5000000;76.5000000;100
20190903;160000;77.5000000;77.5000000;77.5000000;77.5000000;20
20190903;180000;76.5000000;77.5000000;76.0000000;77.0000000;140
20190903;190000;77.0000000;77.0000000;77.0000000;77.0000000;40
20190904;110000;100.0000000;100.0000000;76.5000000;79.5000000;240
20190904;120000;80.0000000;80.0000000;78.5000000;79.5000000;140
20190904;130000;79.5000000;79.5000000;79.5000000;79.5000000;10
20190904;140000;79.5000000;79.5000000;79.5000000;79.5000000;10
20190904;170000;79.5000000;80.0000000;79.0000000;79.0000000;70
20190904;190000;79.0000000;79.0000000;78.5000000;78.5000000;290
20190905;110000;77.0000000;78.5000000;77.0000000;78.0000000;230
20190905;120000;78.5000000;78.5000000;78.5000000;78.5000000;10
20190905;130000;77.5000000;77.5000000;77.5000000;77.5000000;10
20190905;160000;78.0000000;78.0000000;78.0000000;78.0000000;50
20190906;190000;78.0000000;78.0000000;78.0000000;78.0000000;10
20190909;180000;79.0000000;79.0000000;79.0000000;79.0000000;10
20190909;190000;78.5000000;78.5000000;78.5000000;78.5000000;10
20190910;150000;78.5000000;78.5000000;78.5000000;78.5000000;10
20190912;170000;78.5000000;78.5000000;78.5000000;78.5000000;10
20190913;130000;79.5000000;79.5000000;79.5000000;79.5000000;10
20190916;110000;77.0000000;79.5000000;77.0000000;79.5000000;30
20190916;120000;79.5000000;109.0000000;79.5000000;105.5000000;9410
20190916;130000;106.0000000;106.5000000;98.0000000;104.0000000;6680
20190916;140000;103.5000000;105.0000000;93.0000000;97.0000000;4550
20190916;150000;97.0000000;105.0000000;97.0000000;105.0000000;2960
20190916;160000;101.5000000;105.5000000;101.5000000;104.5000000;2020
20190916;170000;104.0000000;105.5000000;102.0000000;105.5000000;530
20190916;180000;103.5000000;103.5000000;101.0000000;103.0000000;420
20190916;190000;103.0000000;104.0000000;103.0000000;104.0000000;370
20190917;110000;108.0000000;109.0000000;89.0000000;103.0000000;2300
20190917;120000;97.0000000;97.0000000;85.5000000;87.0000000;3550
20190917;130000;87.0000000;88.0000000;84.5000000;87.5000000;2090
20190917;140000;87.0000000;89.0000000;86.5000000;89.0000000;1350
20190917;150000;88.0000000;89.0000000;87.5000000;89.0000000;180
20190917;160000;89.5000000;91.5000000;87.5000000;91.5000000;250
20190917;170000;89.0000000;91.5000000;89.0000000;91.0000000;140
20190917;180000;91.0000000;91.5000000;89.0000000;90.0000000;210
20190917;190000;91.0000000;91.0000000;90.0000000;90.0000000;70
20190918;110000;91.5000000;95.0000000;85.0000000;93.0000000;690
20190918;120000;91.0000000;91.0000000;87.5000000;87.5000000;160
20190918;130000;88.0000000;90.0000000;86.5000000;88.5000000;460
20190918;140000;88.5000000;88.5000000;88.5000000;88.5000000;20
20190918;150000;88.5000000;88.5000000;88.5000000;88.5000000;1220
20190918;180000;88.5000000;88.5000000;80.0000000;84.5000000;1650
20190918;190000;84.5000000;85.0000000;84.0000000;85.0000000;190
20190919;110000;86.5000000;86.5000000;86.5000000;86.5000000;10
20190919;130000;84.0000000;84.5000000;80.5000000;84.5000000;370
20190919;140000;83.5000000;83.5000000;82.0000000;82.0000000;250
20190919;150000;81.5000000;84.0000000;81.5000000;83.5000000;400
20190919;170000;84.0000000;85.0000000;84.0000000;85.0000000;40
20190919;190000;84.5000000;84.5000000;84.5000000;84.5000000;70
20190920;120000;86.0000000;86.0000000;86.0000000;86.0000000;10
20190920;140000;85.0000000;86.5000000;85.0000000;86.5000000;200
20190920;170000;87.0000000;87.0000000;87.0000000;87.0000000;10
20190923;110000;88.5000000;88.5000000;88.0000000;88.0000000;280
20190923;120000;86.5000000;86.5000000;86.5000000;86.5000000;10
20190923;130000;88.0000000;88.0000000;88.0000000;88.0000000;10
20190923;170000;86.0000000;86.0000000;86.0000000;86.0000000;30
20190923;180000;86.0000000;86.0000000;86.0000000;86.0000000;10
20190924;120000;88.0000000;88.0000000;86.5000000;86.5000000;50
20190924;160000;87.5000000;99.5000000;87.5000000;90.0000000;5370
20190924;170000;87.0000000;88.0000000;85.0000000;86.5000000;1250
20190924;180000;86.0000000;86.0000000;84.0000000;86.0000000;840
20190924;190000;84.0000000;84.0000000;84.0000000;84.0000000;230
20190925;110000;87.0000000;87.5000000;85.5000000;85.5000000;100
20190925;120000;84.5000000;84.5000000;82.5000000;83.0000000;420
20190925;130000;83.0000000;83.0000000;82.0000000;82.0000000;120
20190925;140000;83.5000000;83.5000000;82.0000000;82.0000000;30
20190925;150000;83.5000000;83.5000000;82.0000000;82.0000000;150
20190925;160000;82.5000000;82.5000000;82.5000000;82.5000000;10
20190925;170000;83.0000000;83.0000000;83.0000000;83.0000000;10
20190926;110000;86.5000000;88.0000000;81.5000000;81.5000000;410
20190926;120000;82.5000000;82.5000000;82.5000000;82.5000000;190
20190926;130000;83.5000000;83.5000000;83.5000000;83.5000000;10
20190926;170000;84.5000000;84.5000000;84.5000000;84.5000000;20
20190926;190000;84.0000000;84.0000000;82.0000000;82.0000000;30
20190927;170000;82.5000000;82.5000000;82.0000000;82.0000000;20
20190930;120000;84.5000000;84.5000000;84.5000000;84.5000000;10
20190930;130000;85.0000000;86.0000000;85.0000000;86.0000000;120
20190930;140000;85.5000000;85.5000000;85.5000000;85.5000000;10
20190930;150000;85.0000000;85.5000000;83.5000000;83.5000000;40
20190930;160000;85.0000000;86.0000000;84.0000000;84.0000000;180
20191001;120000;81.0000000;81.0000000;81.0000000;81.0000000;70
20191001;170000;85.0000000;112.0000000;85.0000000;111.5000000;9210
20191001;180000;111.5000000;117.5000000;111.5000000;117.0000000;11820
20191001;190000;117.5000000;117.5000000;117.0000000;117.5000000;20000
20191002;110000;113.0000000;116.5000000;94.5000000;95.0000000;6430
20191002;120000;96.0000000;101.0000000;96.0000000;99.5000000;1540
20191002;130000;99.5000000;101.0000000;94.0000000;98.0000000;940
20191002;140000;95.0000000;96.0000000;92.5000000;95.0000000;660
20191002;150000;94.0000000;103.5000000;94.0000000;103.5000000;2370
20191002;160000;103.0000000;109.0000000;95.0000000;95.0000000;3130
20191002;170000;96.5000000;97.5000000;94.0000000;96.0000000;1290
20191002;180000;94.5000000;96.0000000;93.0000000;96.0000000;640
20191002;190000;95.5000000;96.0000000;92.5000000;94.0000000;460
20191003;110000;89.5000000;96.0000000;89.5000000;95.0000000;240
20191003;120000;94.5000000;94.5000000;94.0000000;94.5000000;60
20191003;130000;92.0000000;94.5000000;91.0000000;92.0000000;210
20191003;140000;92.0000000;93.0000000;92.0000000;93.0000000;40
20191003;150000;91.0000000;93.0000000;90.5000000;93.0000000;170
20191003;160000;91.0000000;91.0000000;90.5000000;90.5000000;40
20191003;170000;90.5000000;93.0000000;90.5000000;93.0000000;270
20191003;180000;91.5000000;93.5000000;91.5000000;93.5000000;150
20191004;120000;94.0000000;94.0000000;94.0000000;94.0000000;10
20191004;130000;91.0000000;91.0000000;90.5000000;90.5000000;40
20191004;140000;91.0000000;91.0000000;90.5000000;90.5000000;50
20191004;150000;90.0000000;91.5000000;88.5000000;91.5000000;290
20191004;160000;88.5000000;88.5000000;88.5000000;88.5000000;170
20191004;170000;88.5000000;88.5000000;85.5000000;87.0000000;2000
20191004;180000;87.0000000;87.5000000;86.5000000;87.0000000;220
20191004;190000;85.5000000;87.5000000;85.5000000;87.5000000;290
20191007;110000;85.5000000;86.0000000;84.5000000;84.5000000;160
20191007;120000;85.5000000;88.5000000;85.5000000;88.0000000;150
20191007;130000;86.0000000;86.0000000;85.5000000;85.5000000;40
20191007;140000;86.5000000;88.5000000;86.5000000;88.0000000;80
20191007;150000;86.5000000;86.5000000;86.5000000;86.5000000;10
20191007;160000;88.0000000;91.0000000;88.0000000;91.0000000;1370
20191007;170000;89.0000000;91.0000000;89.0000000;91.0000000;580
20191007;180000;88.0000000;88.0000000;87.5000000;87.5000000;20
20191007;190000;88.0000000;88.0000000;87.0000000;87.0000000;110
20191008;110000;85.5000000;85.5000000;85.5000000;85.5000000;10
20191008;120000;86.5000000;86.5000000;86.0000000;86.0000000;40
20191008;130000;88.0000000;88.0000000;86.0000000;86.0000000;80
20191008;140000;87.5000000;87.5000000;87.5000000;87.5000000;70
20191008;150000;86.0000000;86.0000000;86.0000000;86.0000000;20
20191008;160000;85.5000000;85.5000000;84.0000000;84.0000000;430
20191008;180000;84.5000000;84.5000000;84.0000000;84.0000000;100
20191008;190000;85.5000000;85.5000000;85.5000000;85.5000000;20
20191009;110000;88.0000000;99.5000000;86.0000000;86.0000000;360
20191009;120000;86.5000000;86.5000000;84.0000000;84.0000000;140
20191009;130000;86.5000000;86.5000000;86.5000000;86.5000000;20
20191009;140000;84.5000000;84.5000000;84.0000000;84.0000000;30
20191009;150000;83.5000000;83.5000000;83.5000000;83.5000000;30
20191009;160000;85.5000000;86.0000000;85.5000000;86.0000000;20
20191009;170000;85.5000000;86.0000000;85.0000000;85.0000000;240
20191009;180000;85.0000000;85.0000000;84.0000000;84.0000000;190
20191009;190000;85.0000000;85.0000000;85.0000000;85.0000000;10
20191010;110000;89.5000000;89.5000000;88.0000000;88.0000000;60
20191010;120000;88.0000000;88.0000000;88.0000000;88.0000000;10
20191010;130000;88.0000000;88.0000000;88.0000000;88.0000000;50
20191010;140000;88.0000000;88.0000000;88.0000000;88.0000000;50
20191010;160000;88.0000000;88.0000000;86.5000000;87.5000000;70
20191010;170000;87.5000000;87.5000000;87.5000000;87.5000000;10
20191010;190000;86.0000000;86.0000000;86.0000000;86.0000000;400
20191011;140000;84.5000000;86.0000000;82.0000000;86.0000000;210
20191011;150000;84.5000000;84.5000000;84.5000000;84.5000000;20
20191011;160000;84.0000000;85.0000000;84.0000000;85.0000000;20
20191011;170000;85.0000000;86.0000000;85.0000000;86.0000000;90
20191011;180000;84.5000000;86.0000000;84.5000000;86.0000000;70
20191011;190000;84.5000000;84.5000000;84.5000000;84.5000000;50
20191014;110000;83.5000000;83.5000000;83.5000000;83.5000000;10
20191014;120000;85.0000000;85.0000000;83.5000000;83.5000000;40
20191014;130000;83.5000000;83.5000000;83.5000000;83.5000000;220
20191014;140000;84.5000000;85.0000000;84.5000000;85.0000000;20
20191015;130000;84.5000000;84.5000000;84.0000000;84.0000000;30
20191015;140000;84.0000000;84.0000000;82.5000000;82.5000000;440
20191015;150000;84.0000000;84.0000000;84.0000000;84.0000000;10
20191015;160000;84.0000000;84.0000000;84.0000000;84.0000000;50
20191015;170000;84.0000000;84.5000000;84.0000000;84.0000000;40
20191015;180000;83.0000000;83.5000000;82.0000000;83.5000000;560
20191015;190000;83.0000000;83.0000000;83.0000000;83.0000000;20
20191016;110000;82.5000000;83.5000000;82.0000000;82.5000000;130
20191016;120000;82.5000000;83.5000000;82.5000000;83.5000000;70
20191016;150000;82.5000000;82.5000000;82.5000000;82.5000000;60
20191016;160000;82.5000000;82.5000000;82.5000000;82.5000000;10
20191016;170000;83.5000000;83.5000000;83.5000000;83.5000000;10
20191016;180000;83.5000000;84.0000000;83.5000000;84.0000000;40
20191017;110000;84.0000000;84.0000000;84.0000000;84.0000000;10
20191017;120000;82.0000000;82.0000000;82.0000000;82.0000000;10
20191017;130000;84.0000000;84.0000000;83.0000000;83.0000000;40
20191017;150000;82.5000000;88.5000000;82.5000000;88.0000000;290
20191017;170000;87.0000000;87.0000000;86.5000000;86.5000000;50
20191017;180000;86.0000000;87.5000000;84.5000000;87.0000000;290
20191017;190000;87.0000000;87.0000000;87.0000000;87.0000000;10
20191018;120000;86.5000000;86.5000000;86.0000000;86.0000000;60
20191018;130000;86.5000000;87.0000000;86.5000000;87.0000000;130
20191018;140000;87.0000000;87.5000000;87.0000000;87.5000000;190
20191018;150000;87.0000000;87.0000000;87.0000000;87.0000000;10
20191018;190000;87.0000000;87.0000000;87.0000000;87.0000000;70
20191021;110000;89.0000000;89.5000000;88.0000000;88.0000000;40
20191021;120000;84.0000000;84.0000000;84.0000000;84.0000000;20
20191021;130000;88.0000000;88.0000000;88.0000000;88.0000000;30
20191021;190000;87.0000000;87.0000000;87.0000000;87.0000000;10
20191022;110000;88.5000000;88.5000000;88.0000000;88.0000000;90
20191022;140000;87.0000000;88.0000000;87.0000000;87.0000000;70
20191022;160000;86.5000000;86.5000000;86.5000000;86.5000000;50
20191023;110000;87.0000000;87.0000000;87.0000000;87.0000000;10
20191023;130000;86.0000000;86.0000000;86.0000000;86.0000000;20
20191023;140000;86.5000000;86.5000000;86.5000000;86.5000000;50
20191024;120000;86.0000000;86.0000000;86.0000000;86.0000000;10
20191024;130000;84.0000000;84.5000000;82.5000000;84.5000000;150
20191024;150000;84.5000000;86.5000000;84.0000000;85.5000000;190
20191024;180000;85.0000000;85.0000000;85.0000000;85.0000000;50
20191025;110000;85.0000000;85.0000000;85.0000000;85.0000000;20
20191025;120000;84.0000000;84.5000000;84.0000000;84.0000000;60
20191025;130000;83.5000000;83.5000000;83.0000000;83.0000000;50
20191025;140000;83.5000000;83.5000000;83.5000000;83.5000000;10
20191025;160000;83.5000000;86.5000000;83.5000000;86.5000000;240
20191025;170000;86.0000000;86.0000000;84.5000000;85.5000000;60
20191025;180000;84.5000000;85.5000000;84.5000000;85.0000000;50
20191025;190000;85.0000000;85.0000000;84.5000000;84.5000000;20
20191028;110000;86.5000000;87.5000000;86.0000000;87.5000000;160
20191028;130000;86.0000000;87.5000000;86.0000000;87.5000000;30
20191028;150000;85.5000000;85.5000000;84.0000000;84.0000000;140
20191028;170000;85.5000000;86.5000000;85.5000000;86.0000000;40
20191028;190000;85.5000000;85.5000000;85.5000000;85.5000000;70
20191030;130000;84.5000000;85.0000000;83.0000000;85.0000000;350
20191030;150000;85.0000000;85.0000000;85.0000000;85.0000000;10
20191030;160000;85.0000000;85.0000000;85.0000000;85.0000000;10
20191030;180000;85.5000000;85.5000000;85.5000000;85.5000000;10
20191030;190000;85.0000000;85.5000000;83.5000000;85.5000000;130
20191031;110000;87.5000000;89.0000000;86.0000000;88.5000000;550
20191031;130000;89.0000000;89.5000000;89.0000000;89.5000000;30
20191031;150000;89.0000000;89.5000000;89.0000000;89.5000000;70
20191031;160000;89.0000000;89.5000000;89.0000000;89.5000000;20
20191031;190000;88.5000000;88.5000000;88.5000000;88.5000000;20
20191101;110000;87.5000000;88.5000000;87.5000000;88.5000000;260
20191101;140000;85.5000000;86.5000000;85.0000000;86.5000000;110
20191101;150000;85.0000000;85.0000000;85.0000000;85.0000000;10
20191101;180000;86.5000000;87.0000000;85.0000000;86.0000000;80
20191101;190000;85.0000000;85.0000000;85.0000000;85.0000000;110
20191105;110000;88.5000000;88.5000000;88.0000000;88.0000000;20
20191105;140000;88.0000000;114.0000000;88.0000000;109.0000000;4280
20191105;150000;105.5000000;110.0000000;85.0000000;85.0000000;6220
20191105;160000;87.5000000;93.0000000;87.5000000;91.0000000;1740
20191105;170000;90.0000000;91.5000000;88.5000000;90.0000000;390
20191105;180000;91.0000000;91.0000000;86.0000000;86.0000000;1720
20191105;190000;86.0000000;90.0000000;85.0000000;87.0000000;1450
20191106;110000;87.0000000;88.0000000;86.0000000;88.0000000;1710
20191106;120000;87.5000000;87.5000000;85.0000000;86.0000000;660
20191106;130000;86.0000000;86.0000000;86.0000000;86.0000000;80
20191106;140000;86.0000000;86.0000000;84.5000000;84.5000000;270
20191106;150000;85.5000000;85.5000000;83.5000000;85.5000000;460
20191106;160000;85.5000000;85.5000000;85.5000000;85.5000000;40
20191106;170000;84.5000000;86.5000000;84.0000000;84.5000000;210
20191106;180000;86.0000000;86.5000000;86.0000000;86.5000000;50
20191106;190000;86.0000000;86.0000000;86.0000000;86.0000000;110
20191107;120000;84.0000000;86.5000000;83.5000000;86.5000000;60
20191107;130000;86.5000000;86.5000000;85.0000000;85.0000000;30
20191107;140000;86.5000000;87.0000000;86.5000000;87.0000000;160
20191107;160000;87.0000000;87.5000000;86.0000000;86.5000000;80
20191107;180000;86.0000000;86.0000000;85.5000000;85.5000000;130
20191107;190000;85.0000000;85.0000000;85.0000000;85.0000000;10
20191108;110000;84.5000000;87.0000000;84.0000000;87.0000000;90
20191108;120000;86.5000000;86.5000000;86.5000000;86.5000000;30
20191108;140000;85.0000000;86.5000000;85.0000000;86.5000000;110
20191108;150000;87.0000000;87.0000000;87.0000000;87.0000000;10
20191108;190000;85.0000000;85.0000000;84.0000000;84.0000000;170
20191111;110000;85.5000000;85.5000000;85.5000000;85.5000000;10
20191111;120000;85.5000000;87.0000000;85.5000000;87.0000000;70
20191111;140000;86.5000000;86.5000000;86.5000000;86.5000000;40
20191111;150000;85.0000000;85.0000000;81.5000000;85.0000000;680
20191111;160000;85.0000000;85.0000000;85.0000000;85.0000000;10
20191112;120000;85.0000000;85.5000000;85.0000000;85.5000000;80
20191112;150000;84.0000000;85.0000000;83.0000000;85.0000000;630
20191112;180000;83.5000000;83.5000000;83.5000000;83.5000000;50
20191113;110000;86.5000000;86.5000000;86.5000000;86.5000000;100
20191113;120000;86.5000000;86.5000000;86.5000000;86.5000000;110
20191113;140000;86.0000000;86.0000000;86.0000000;86.0000000;80
20191113;150000;86.0000000;86.0000000;86.0000000;86.0000000;40
20191113;160000;84.5000000;84.5000000;84.0000000;84.0000000;30
20191113;170000;86.0000000;86.0000000;86.0000000;86.0000000;30
20191113;180000;86.0000000;86.0000000;86.0000000;86.0000000;10
20191113;190000;86.0000000;86.0000000;86.0000000;86.0000000;60
20191114;110000;86.0000000;86.0000000;86.0000000;86.0000000;10
20191114;150000;86.0000000;86.0000000;86.0000000;86.0000000;90
20191114;180000;84.5000000;84.5000000;84.5000000;84.5000000;70
20191115;110000;87.5000000;87.5000000;87.5000000;87.5000000;120
20191115;180000;87.0000000;87.0000000;87.0000000;87.0000000;30
20191118;110000;85.0000000;85.0000000;85.0000000;85.0000000;20
20191118;130000;85.5000000;85.5000000;85.5000000;85.5000000;60
20191118;150000;87.0000000;87.0000000;87.0000000;87.0000000;10
20191118;190000;85.5000000;85.5000000;84.5000000;84.5000000;90
20191119;170000;86.0000000;86.0000000;86.0000000;86.0000000;20
20191120;120000;87.5000000;94.0000000;87.5000000;90.0000000;2660
20191120;130000;90.5000000;90.5000000;86.0000000;87.0000000;690
20191120;140000;88.0000000;90.0000000;88.0000000;90.0000000;210
20191120;150000;90.0000000;95.0000000;90.0000000;94.5000000;1030
20191120;160000;89.5000000;94.0000000;88.0000000;88.5000000;210
20191120;170000;90.0000000;90.0000000;90.0000000;90.0000000;10
20191120;180000;90.5000000;91.0000000;90.0000000;90.0000000;220
20191120;190000;89.0000000;89.0000000;85.0000000;85.0000000;950
20191121;110000;86.0000000;86.5000000;85.0000000;85.5000000;240
20191121;120000;86.5000000;86.5000000;85.0000000;85.0000000;80
20191121;130000;85.5000000;85.5000000;85.5000000;85.5000000;100
20191121;160000;87.0000000;88.0000000;87.0000000;88.0000000;50
20191121;170000;88.0000000;88.0000000;86.0000000;86.0000000;40
20191122;110000;88.0000000;88.0000000;88.0000000;88.0000000;10
20191122;130000;86.5000000;86.5000000;86.5000000;86.5000000;10
20191122;140000;86.5000000;88.0000000;86.5000000;88.0000000;60
20191122;180000;86.0000000;86.0000000;86.0000000;86.0000000;20
20191122;190000;86.0000000;86.0000000;84.5000000;86.0000000;350
20191125;110000;85.5000000;86.5000000;85.5000000;86.5000000;20
20191125;120000;86.5000000;87.5000000;86.5000000;87.5000000;70
20191125;140000;87.0000000;87.0000000;86.5000000;87.0000000;30
20191125;170000;86.5000000;86.5000000;86.5000000;86.5000000;20
20191126;120000;87.5000000;87.5000000;87.5000000;87.5000000;320
20191126;150000;87.5000000;87.5000000;87.5000000;87.5000000;10
20191126;180000;87.0000000;87.0000000;87.0000000;87.0000000;70
20191126;190000;88.0000000;88.0000000;87.0000000;88.0000000;110
20191127;170000;85.5000000;88.0000000;85.5000000;88.0000000;40
20191127;180000;87.0000000;88.0000000;85.5000000;87.5000000;60
20191128;140000;87.5000000;87.5000000;87.5000000;87.5000000;10
20191128;150000;88.0000000;88.0000000;88.0000000;88.0000000;10
20191129;110000;88.0000000;88.0000000;88.0000000;88.0000000;10
20191129;120000;86.5000000;86.5000000;86.5000000;86.5000000;20
20191129;130000;88.0000000;88.0000000;88.0000000;88.0000000;10
20191129;190000;85.5000000;88.0000000;85.5000000;88.0000000;20
20191202;120000;86.5000000;88.0000000;86.5000000;88.0000000;20
20191202;130000;89.0000000;89.5000000;89.0000000;89.5000000;20
20191202;140000;88.0000000;89.5000000;88.0000000;88.0000000;60
20191203;120000;90.0000000;90.0000000;89.5000000;89.5000000;110
20191203;150000;86.5000000;86.5000000;86.5000000;86.5000000;30
20191203;170000;87.5000000;89.5000000;87.5000000;89.0000000;100
20191203;180000;89.0000000;89.5000000;87.0000000;89.5000000;70
20191204;120000;88.0000000;88.0000000;88.0000000;88.0000000;10
20191204;140000;88.0000000;88.0000000;88.0000000;88.0000000;10
20191204;150000;86.5000000;86.5000000;86.0000000;86.0000000;60
20191204;160000;87.5000000;89.0000000;87.5000000;89.0000000;80
20191204;180000;86.5000000;86.5000000;85.5000000;85.5000000;100
20191204;190000;86.5000000;86.5000000;86.5000000;86.5000000;10
20191205;120000;89.0000000;90.5000000;88.0000000;90.0000000;130
20191205;130000;88.0000000;88.0000000;88.0000000;88.0000000;20
20191205;160000;88.0000000;88.0000000;88.0000000;88.0000000;10
20191205;180000;87.5000000;87.5000000;87.5000000;87.5000000;10
20191205;190000;86.5000000;86.5000000;86.5000000;86.5000000;20
20191206;130000;89.5000000;89.5000000;89.5000000;89.5000000;30
20191206;140000;89.0000000;93.0000000;89.0000000;93.0000000;860
20191206;150000;91.0000000;93.5000000;91.0000000;93.5000000;220
20191206;160000;93.0000000;93.5000000;92.0000000;92.5000000;90
20191206;170000;92.0000000;93.0000000;90.5000000;92.0000000;170
20191206;180000;91.5000000;92.0000000;91.5000000;92.0000000;100
20191206;190000;92.0000000;93.0000000;87.0000000;93.0000000;330
20191209;110000;86.5000000;93.5000000;86.5000000;93.5000000;240
20191209;120000;88.5000000;93.5000000;87.5000000;93.5000000;560
20191209;130000;91.0000000;93.0000000;88.0000000;88.0000000;340
20191209;140000;88.0000000;90.0000000;87.0000000;90.0000000;580
20191209;150000;89.5000000;90.0000000;89.5000000;90.0000000;180
20191209;170000;90.0000000;91.5000000;90.0000000;91.5000000;50
20191209;180000;90.0000000;90.0000000;90.0000000;90.0000000;20
20191209;190000;90.5000000;91.0000000;90.0000000;91.0000000;40
20191210;110000;88.5000000;88.5000000;88.5000000;88.5000000;70
20191210;120000;88.5000000;88.5000000;88.5000000;88.5000000;30
20191210;130000;88.0000000;89.0000000;88.0000000;89.0000000;40
20191210;150000;89.0000000;89.0000000;89.0000000;89.0000000;60
20191210;160000;88.0000000;88.0000000;88.0000000;88.0000000;20
20191210;170000;88.0000000;88.0000000;86.0000000;87.5000000;1100
20191210;180000;87.0000000;87.5000000;87.0000000;87.5000000;90
20191210;190000;88.0000000;88.0000000;87.5000000;87.5000000;360
20191211;110000;89.0000000;89.0000000;89.0000000;89.0000000;120
20191211;130000;89.0000000;89.0000000;89.0000000;89.0000000;20
20191211;170000;88.5000000;88.5000000;88.5000000;88.5000000;20
20191211;180000;89.0000000;91.0000000;89.0000000;91.0000000;800
20191211;190000;91.5000000;91.5000000;88.0000000;91.5000000;80
20191212;120000;87.5000000;90.5000000;87.5000000;90.5000000;20
20191212;130000;89.0000000;91.0000000;89.0000000;91.0000000;330
20191212;180000;88.0000000;88.0000000;87.5000000;87.5000000;20
20191212;190000;87.5000000;88.5000000;87.5000000;88.5000000;50
20191213;120000;87.5000000;87.5000000;87.5000000;87.5000000;40
20191213;170000;90.0000000;90.0000000;90.0000000;90.0000000;30
20191213;180000;89.5000000;89.5000000;89.5000000;89.5000000;10
20191213;190000;89.5000000;89.5000000;88.0000000;88.0000000;440
20191216;110000;87.5000000;89.5000000;87.5000000;89.5000000;110
20191216;130000;89.0000000;89.0000000;87.5000000;87.5000000;30
20191216;140000;87.5000000;87.5000000;87.5000000;87.5000000;10
20191216;170000;87.5000000;87.5000000;87.5000000;87.5000000;30
20191216;180000;89.0000000;89.0000000;89.0000000;89.0000000;10
20191217;110000;89.5000000;90.0000000;89.5000000;90.0000000;140
20191217;140000;90.0000000;90.0000000;90.0000000;90.0000000;110
20191217;170000;89.5000000;90.0000000;88.0000000;90.0000000;120
20191217;190000;88.0000000;88.0000000;88.0000000;88.0000000;360
20191218;110000;87.5000000;96.0000000;87.5000000;95.0000000;1240
20191218;130000;91.5000000;91.5000000;91.5000000;91.5000000;10
20191218;140000;90.0000000;90.0000000;90.0000000;90.0000000;10
20191218;150000;90.0000000;91.0000000;90.0000000;91.0000000;30
20191218;160000;91.0000000;91.0000000;89.0000000;89.0000000;130
20191218;180000;88.5000000;89.0000000;88.5000000;89.0000000;110
20191219;110000;90.5000000;90.5000000;89.0000000;89.0000000;20
20191219;130000;88.5000000;88.5000000;86.0000000;88.5000000;1200
20191219;140000;87.5000000;87.5000000;87.5000000;87.5000000;20
20191219;170000;90.0000000;90.0000000;90.0000000;90.0000000;40
20191219;190000;88.5000000;88.5000000;88.5000000;88.5000000;30
20191220;110000;90.5000000;90.5000000;90.5000000;90.5000000;50
20191220;150000;88.5000000;88.5000000;88.5000000;88.5000000;10
20191220;190000;88.0000000;89.5000000;88.0000000;89.5000000;20
20191223;120000;88.5000000;88.5000000;88.0000000;88.0000000;30
20191223;130000;89.5000000;89.5000000;89.5000000;89.5000000;70
20191223;150000;89.5000000;89.5000000;89.5000000;89.5000000;10
20191223;160000;88.0000000;88.0000000;88.0000000;88.0000000;30
20191223;180000;89.5000000;89.5000000;89.5000000;89.5000000;10
20191224;110000;90.0000000;90.0000000;90.0000000;90.0000000;10
20191224;120000;89.0000000;89.0000000;89.0000000;89.0000000;40
20191224;140000;87.5000000;88.0000000;87.5000000;88.0000000;50
20191224;150000;87.5000000;87.5000000;87.5000000;87.5000000;50
20191224;160000;88.0000000;88.0000000;86.5000000;86.5000000;30
20191224;190000;88.0000000;88.0000000;88.0000000;88.0000000;60
20191225;190000;86.5000000;86.5000000;86.5000000;86.5000000;30
20191226;120000;87.5000000;87.5000000;87.5000000;87.5000000;10
20191226;160000;87.5000000;87.5000000;87.5000000;87.5000000;40
20191226;170000;88.0000000;88.0000000;87.0000000;88.0000000;300
20191226;180000;88.0000000;88.0000000;88.0000000;88.0000000;90
20191227;110000;88.5000000;88.5000000;88.5000000;88.5000000;60
20191227;140000;88.0000000;88.0000000;88.0000000;88.0000000;30
20191227;160000;86.0000000;86.0000000;86.0000000;86.0000000;20
20191227;180000;88.0000000;88.0000000;88.0000000;88.0000000;80
20191230;150000;87.0000000;87.0000000;86.5000000;86.5000000;40
20191230;160000;86.5000000;89.0000000;86.5000000;89.0000000;950
20191230;170000;89.0000000;89.0000000;89.0000000;89.0000000;110
20191230;190000;87.0000000;88.5000000;87.0000000;88.5000000;210
20200103;170000;88.0000000;88.0000000;88.0000000;88.0000000;10
20200103;190000;90.0000000;90.0000000;90.0000000;90.0000000;10
20200106;130000;87.5000000;87.5000000;87.5000000;87.5000000;70
20200106;140000;87.5000000;87.5000000;87.5000000;87.5000000;70
20200106;160000;87.5000000;87.5000000;87.5000000;87.5000000;70
20200106;180000;89.5000000;90.0000000;87.0000000;87.0000000;200
20200106;190000;90.0000000;90.0000000;90.0000000;90.0000000;10
20200108;130000;87.0000000;88.0000000;87.0000000;88.0000000;20
20200108;150000;88.0000000;88.0000000;88.0000000;88.0000000;10
20200108;180000;87.0000000;87.0000000;86.5000000;86.5000000;120
20200108;190000;87.5000000;88.0000000;87.5000000;88.0000000;30
20200109;110000;88.0000000;90.0000000;88.0000000;90.0000000;260
20200109;120000;88.0000000;88.0000000;87.5000000;87.5000000;50
20200109;130000;87.5000000;88.5000000;87.5000000;88.5000000;20
20200109;140000;89.0000000;89.0000000;89.0000000;89.0000000;60
20200109;150000;88.0000000;88.0000000;87.5000000;87.5000000;30
20200109;160000;88.5000000;88.5000000;88.5000000;88.5000000;10
20200109;180000;87.5000000;87.5000000;87.5000000;87.5000000;10
20200109;190000;88.5000000;88.5000000;88.5000000;88.5000000;10
20200110;150000;88.0000000;88.0000000;88.0000000;88.0000000;10
20200110;160000;88.0000000;88.0000000;88.0000000;88.0000000;20
20200110;190000;87.0000000;88.0000000;87.0000000;88.0000000;20
20200113;120000;88.0000000;88.0000000;88.0000000;88.0000000;20
20200113;140000;88.0000000;88.0000000;88.0000000;88.0000000;10
20200113;150000;88.0000000;88.0000000;88.0000000;88.0000000;40
20200113;160000;87.0000000;87.0000000;87.0000000;87.0000000;20
20200113;180000;88.0000000;88.0000000;88.0000000;88.0000000;10
20200114;120000;87.5000000;87.5000000;87.5000000;87.5000000;70
20200114;130000;87.5000000;87.5000000;87.5000000;87.5000000;10
20200114;140000;87.5000000;87.5000000;87.5000000;87.5000000;20
20200114;150000;87.0000000;87.0000000;86.0000000;87.0000000;200
20200114;170000;86.0000000;86.0000000;86.0000000;86.0000000;80
20200114;180000;86.0000000;87.5000000;86.0000000;87.5000000;110
20200114;190000;88.0000000;88.0000000;88.0000000;88.0000000;10
20200115;110000;86.5000000;87.5000000;86.5000000;87.5000000;50
20200115;120000;87.5000000;87.5000000;87.5000000;87.5000000;60
20200115;150000;87.5000000;87.5000000;87.5000000;87.5000000;10
20200115;160000;87.5000000;87.5000000;87.5000000;87.5000000;10
20200115;170000;87.5000000;87.5000000;87.5000000;87.5000000;180
20200115;180000;88.0000000;88.0000000;88.0000000;88.0000000;170
20200116;120000;87.5000000;88.0000000;87.5000000;88.0000000;120
20200116;140000;87.5000000;87.5000000;87.5000000;87.5000000;50
20200116;170000;87.5000000;88.0000000;87.5000000;88.0000000;290
20200117;120000;87.5000000;88.0000000;87.0000000;88.0000000;240
20200117;130000;87.5000000;87.5000000;87.0000000;87.0000000;40
20200117;150000;87.5000000;87.5000000;87.5000000;87.5000000;60
20200117;160000;88.0000000;88.0000000;88.0000000;88.0000000;100
20200117;170000;88.0000000;88.0000000;88.0000000;88.0000000;10
20200117;180000;88.0000000;88.0000000;87.0000000;87.0000000;30
20200117;190000;87.0000000;87.0000000;87.0000000;87.0000000;220
20200120;110000;87.5000000;87.5000000;87.5000000;87.5000000;20
20200120;120000;87.0000000;87.5000000;86.5000000;87.5000000;280
20200120;140000;87.5000000;87.5000000;86.5000000;86.5000000;80
20200121;110000;87.5000000;90.0000000;87.0000000;88.0000000;1190
20200121;120000;87.5000000;88.0000000;87.5000000;88.0000000;20
20200121;140000;87.5000000;87.5000000;87.5000000;87.5000000;20
20200121;170000;88.0000000;88.0000000;88.0000000;88.0000000;10
20200121;190000;87.5000000;88.0000000;87.5000000;88.0000000;160
20200122;180000;87.5000000;87.5000000;87.5000000;87.5000000;10
20200123;130000;88.5000000;88.5000000;88.5000000;88.5000000;20
20200123;140000;87.0000000;87.0000000;87.0000000;87.0000000;10
20200123;170000;87.0000000;87.0000000;87.0000000;87.0000000;20
20200123;190000;87.5000000;87.5000000;87.5000000;87.5000000;30
20200124;110000;87.5000000;87.5000000;87.5000000;87.5000000;10
20200124;120000;87.5000000;87.5000000;87.5000000;87.5000000;10
20200124;130000;87.5000000;87.5000000;87.5000000;87.5000000;10
20200127;110000;85.5000000;90.5000000;84.0000000;86.5000000;470
20200127;120000;87.0000000;87.0000000;87.0000000;87.0000000;100
20200127;140000;86.5000000;86.5000000;86.5000000;86.5000000;20
20200127;150000;86.5000000;86.5000000;86.5000000;86.5000000;50
20200127;160000;86.0000000;86.0000000;86.0000000;86.0000000;20
20200127;170000;86.0000000;86.0000000;86.0000000;86.0000000;110
20200127;190000;86.0000000;86.5000000;86.0000000;86.5000000;170
20200129;150000;85.5000000;88.5000000;84.0000000;88.5000000;540
20200129;170000;87.0000000;87.5000000;87.0000000;87.5000000;90
20200129;180000;88.0000000;88.0000000;88.0000000;88.0000000;20
20200129;190000;88.0000000;88.0000000;88.0000000;88.0000000;30
20200130;120000;86.5000000;86.5000000;86.5000000;86.5000000;10
20200131;110000;88.5000000;88.5000000;88.5000000;88.5000000;10
20200131;120000;88.5000000;105.0000000;88.5000000;90.0000000;4380
20200131;130000;89.5000000;92.5000000;89.5000000;89.5000000;660
20200131;140000;90.0000000;91.0000000;90.0000000;91.0000000;90
20200131;150000;91.0000000;94.0000000;90.0000000;90.5000000;1180
20200131;160000;91.5000000;91.5000000;91.5000000;91.5000000;50
20200131;170000;91.0000000;91.5000000;90.5000000;90.5000000;40
20200131;180000;90.5000000;90.5000000;88.5000000;88.5000000;300
20200131;190000;88.5000000;88.5000000;87.5000000;87.5000000;220
20200203;110000;88.0000000;88.0000000;85.0000000;85.0000000;560
20200203;120000;86.5000000;86.5000000;85.0000000;85.5000000;530
20200203;130000;87.5000000;102.0000000;87.5000000;102.0000000;6450
20200203;140000;102.0000000;104.0000000;90.5000000;95.5000000;13570
20200203;150000;96.5000000;96.5000000;89.5000000;90.0000000;2500
20200203;160000;90.0000000;92.0000000;90.0000000;92.0000000;1660
20200203;170000;92.0000000;92.0000000;89.5000000;89.5000000;190
20200203;180000;90.5000000;92.0000000;89.5000000;90.0000000;440
20200203;190000;90.0000000;92.5000000;89.5000000;92.5000000;100
20200204;110000;89.5000000;90.5000000;89.5000000;90.5000000;460
20200204;130000;89.5000000;90.0000000;89.5000000;90.0000000;20
20200204;140000;90.5000000;91.0000000;90.5000000;90.5000000;150
20200204;150000;90.0000000;90.0000000;90.0000000;90.0000000;150
20200204;160000;90.5000000;91.5000000;90.5000000;91.0000000;410
20200204;170000;90.0000000;90.5000000;90.0000000;90.5000000;310
20200204;180000;91.0000000;91.0000000;90.5000000;90.5000000;150
20200204;190000;91.0000000;98.5000000;91.0000000;93.5000000;970
20200205;110000;91.5000000;91.5000000;91.5000000;91.5000000;310
20200205;120000;91.5000000;91.5000000;91.5000000;91.5000000;250
20200205;140000;91.5000000;91.5000000;91.5000000;91.5000000;70
20200205;150000;91.5000000;92.0000000;91.5000000;92.0000000;20
20200205;170000;92.5000000;92.5000000;92.5000000;92.5000000;10
20200206;120000;91.0000000;91.0000000;91.0000000;91.0000000;10
20200206;130000;92.0000000;92.0000000;91.5000000;91.5000000;20
20200206;140000;91.0000000;91.0000000;91.0000000;91.0000000;90
20200206;150000;91.0000000;91.0000000;91.0000000;91.0000000;10
20200206;170000;90.5000000;90.5000000;90.5000000;90.5000000;20
20200206;190000;91.5000000;93.5000000;90.0000000;90.0000000;850
20200207;110000;90.0000000;90.0000000;90.0000000;90.0000000;50
20200207;140000;92.0000000;92.0000000;92.0000000;92.0000000;10
20200207;150000;92.0000000;92.0000000;92.0000000;92.0000000;40
20200207;180000;92.0000000;92.0000000;90.5000000;92.0000000;150
20200207;190000;92.0000000;92.5000000;92.0000000;92.5000000;30
20200210;150000;92.0000000;92.0000000;92.0000000;92.0000000;10
20200211;110000;90.5000000;91.5000000;90.5000000;91.5000000;20
20200211;120000;91.5000000;91.5000000;91.5000000;91.5000000;10
20200211;130000;93.0000000;93.5000000;93.0000000;93.5000000;40
20200211;160000;94.0000000;94.0000000;94.0000000;94.0000000;30
20200211;170000;93.0000000;93.0000000;93.0000000;93.0000000;480
20200211;190000;92.0000000;92.0000000;92.0000000;92.0000000;50
20200212;110000;94.5000000;95.0000000;93.0000000;93.0000000;50
20200212;120000;93.5000000;105.5000000;93.5000000;102.5000000;17620
20200212;130000;101.0000000;101.5000000;95.5000000;99.5000000;5180
20200212;140000;97.0000000;99.0000000;94.5000000;97.0000000;2580
20200212;150000;95.0000000;96.5000000;95.0000000;96.5000000;770
20200212;160000;96.0000000;96.0000000;91.5000000;94.5000000;2150
20200212;170000;95.0000000;95.5000000;93.5000000;94.5000000;420
20200212;180000;94.5000000;94.5000000;94.5000000;94.5000000;50
20200212;190000;93.5000000;93.5000000;93.5000000;93.5000000;150
20200213;110000;95.0000000;95.0000000;92.0000000;92.5000000;1280
20200213;120000;92.5000000;93.5000000;92.5000000;93.5000000;20
20200213;140000;93.5000000;93.5000000;93.5000000;93.5000000;160
20200213;160000;94.0000000;95.0000000;94.0000000;94.0000000;150
20200213;170000;93.5000000;93.5000000;93.5000000;93.5000000;90
20200213;180000;95.0000000;95.0000000;95.0000000;95.0000000;20
20200213;190000;95.0000000;95.0000000;95.0000000;95.0000000;210
20200214;110000;95.5000000;95.5000000;95.5000000;95.5000000;40
20200214;130000;96.5000000;96.5000000;96.5000000;96.5000000;10
20200214;140000;94.5000000;94.5000000;93.5000000;93.5000000;580
20200214;150000;93.5000000;94.5000000;90.5000000;94.5000000;350
20200214;160000;95.0000000;95.5000000;95.0000000;95.5000000;30
20200217;110000;94.5000000;96.0000000;94.5000000;96.0000000;50
20200217;120000;96.0000000;96.0000000;96.0000000;96.0000000;10
20200217;130000;95.5000000;95.5000000;95.5000000;95.5000000;60
20200217;150000;96.0000000;96.0000000;96.0000000;96.0000000;10
20200217;160000;95.0000000;95.0000000;93.5000000;93.5000000;100
20200217;170000;93.5000000;93.5000000;93.0000000;93.0000000;300
20200217;180000;92.5000000;92.5000000;91.0000000;91.0000000;100
20200217;190000;92.0000000;92.5000000;92.0000000;92.5000000;30
20200218;110000;92.0000000;92.0000000;88.5000000;89.5000000;2110
20200218;120000;90.0000000;90.0000000;90.0000000;90.0000000;10
20200218;130000;90.0000000;91.5000000;89.5000000;90.5000000;510
20200218;140000;90.5000000;91.0000000;90.5000000;91.0000000;130
20200218;150000;90.5000000;90.5000000;90.5000000;90.5000000;190
20200218;170000;89.5000000;89.5000000;89.0000000;89.0000000;260
20200218;180000;89.0000000;89.0000000;89.0000000;89.0000000;40
20200218;190000;89.5000000;89.5000000;89.5000000;89.5000000;50
20200219;110000;88.5000000;89.5000000;88.5000000;89.5000000;20
20200219;120000;90.0000000;92.0000000;90.0000000;92.0000000;160
20200219;130000;92.0000000;92.0000000;92.0000000;92.0000000;130
20200219;140000;92.5000000;92.5000000;92.5000000;92.5000000;30
20200219;160000;90.5000000;92.0000000;90.5000000;92.0000000;50
20200220;120000;91.0000000;91.0000000;91.0000000;91.0000000;10
20200220;130000;91.0000000;91.0000000;91.0000000;91.0000000;10
20200220;140000;92.0000000;92.0000000;92.0000000;92.0000000;10
20200220;180000;92.0000000;92.0000000;91.0000000;91.0000000;20
20200221;110000;92.0000000;92.0000000;92.0000000;92.0000000;30
20200221;120000;93.0000000;93.5000000;93.0000000;93.5000000;30
20200221;140000;93.0000000;93.0000000;93.0000000;93.0000000;100
20200221;190000;91.0000000;91.0000000;91.0000000;91.0000000;50
20200225;130000;91.5000000;91.5000000;91.5000000;91.5000000;80
20200225;140000;91.0000000;91.0000000;91.0000000;91.0000000;60
20200225;160000;90.5000000;90.5000000;87.5000000;87.5000000;570
20200225;170000;89.0000000;89.0000000;89.0000000;89.0000000;110
20200225;190000;89.0000000;89.0000000;86.0000000;86.0000000;730
20200226;110000;88.0000000;88.0000000;85.0000000;86.5000000;620
20200226;120000;86.0000000;86.5000000;86.0000000;86.5000000;60
20200226;130000;86.0000000;86.0000000;86.0000000;86.0000000;30
20200226;140000;86.5000000;86.5000000;86.5000000;86.5000000;10
20200226;150000;86.5000000;86.5000000;86.5000000;86.5000000;80
20200226;160000;87.0000000;87.0000000;87.0000000;87.0000000;140
20200226;180000;87.5000000;87.5000000;87.5000000;87.5000000;10
20200226;190000;87.0000000;87.0000000;87.0000000;87.0000000;30
20200227;150000;90.0000000;90.5000000;88.0000000;88.0000000;60
20200227;160000;88.5000000;88.5000000;87.0000000;87.0000000;160
20200227;170000;87.0000000;87.0000000;87.0000000;87.0000000;130
20200227;180000;88.5000000;88.5000000;87.0000000;87.0000000;40
20200228;110000;88.5000000;88.5000000;73.0000000;73.0000000;890
20200228;120000;80.5000000;83.5000000;80.0000000;81.5000000;300
20200228;130000;82.5000000;85.0000000;82.5000000;85.0000000;240
20200228;140000;84.5000000;85.0000000;80.0000000;84.5000000;230
20200228;150000;83.0000000;84.5000000;83.0000000;84.5000000;90
20200228;160000;84.5000000;84.5000000;84.5000000;84.5000000;10
20200228;180000;81.0000000;81.0000000;79.0000000;81.0000000;250
20200228;190000;80.5000000;80.5000000;80.0000000;80.0000000;110
20200302;110000;79.5000000;81.0000000;79.5000000;81.0000000;100
20200302;120000;83.5000000;83.5000000;83.5000000;83.5000000;20
20200302;130000;84.0000000;84.0000000;83.5000000;83.5000000;40
20200302;140000;82.0000000;82.0000000;82.0000000;82.0000000;10
20200302;150000;82.0000000;82.0000000;82.0000000;82.0000000;10
20200302;170000;83.5000000;84.5000000;83.5000000;84.5000000;180
20200303;120000;88.5000000;88.5000000;88.5000000;88.5000000;10
20200303;140000;86.0000000;87.5000000;86.0000000;87.5000000;40
20200303;150000;84.5000000;86.0000000;84.0000000;86.0000000;90
20200304;110000;89.0000000;89.0000000;83.5000000;84.0000000;250
20200304;120000;84.5000000;84.5000000;84.0000000;84.0000000;50
20200304;130000;85.5000000;86.5000000;84.0000000;86.5000000;110
20200304;150000;85.0000000;85.0000000;85.0000000;85.0000000;10
20200304;160000;87.0000000;87.0000000;87.0000000;87.0000000;30
20200304;180000;85.0000000;85.5000000;84.5000000;84.5000000;120
20200304;190000;84.5000000;84.5000000;84.0000000;84.0000000;200
20200305;110000;85.0000000;87.5000000;82.5000000;87.5000000;100
20200305;120000;85.0000000;85.0000000;84.0000000;84.0000000;40
20200306;110000;82.0000000;84.0000000;81.5000000;84.0000000;50
20200306;120000;83.0000000;83.0000000;83.0000000;83.0000000;100
20200306;140000;83.0000000;83.0000000;83.0000000;83.0000000;40
20200306;160000;83.0000000;83.0000000;82.0000000;82.0000000;230
20200306;170000;81.5000000;82.0000000;80.5000000;80.5000000;1150
20200306;180000;81.0000000;82.0000000;80.5000000;80.5000000;920
20200306;190000;80.0000000;81.0000000;80.0000000;80.0000000;240
20200310;130000;84.0000000;84.0000000;82.0000000;82.0000000;20
20200310;140000;83.0000000;83.0000000;83.0000000;83.0000000;20
20200310;160000;82.5000000;82.5000000;80.0000000;80.0000000;50
20200310;190000;80.5000000;80.5000000;80.0000000;80.0000000;160
20200311;140000;81.5000000;81.5000000;81.5000000;81.5000000;10
20200311;170000;81.0000000;81.0000000;78.0000000;78.0000000;130
20200311;180000;78.0000000;78.0000000;78.0000000;78.0000000;40
20200311;190000;79.0000000;79.5000000;79.0000000;79.5000000;80
20200312;110000;79.0000000;79.0000000;73.0000000;73.0000000;670
20200312;120000;73.0000000;73.0000000;73.0000000;73.0000000;130
20200312;140000;72.5000000;72.5000000;72.0000000;72.0000000;50
20200313;120000;72.0000000;72.0000000;71.5000000;71.5000000;80
20200313;130000;71.5000000;71.5000000;70.0000000;71.0000000;100
20200313;150000;71.0000000;71.0000000;71.0000000;71.0000000;10
20200313;160000;70.0000000;70.0000000;70.0000000;70.0000000;1040
20200313;180000;70.0000000;70.0000000;70.0000000;70.0000000;100
20200313;190000;69.5000000;69.5000000;67.5000000;67.5000000;340
20200316;110000;68.5000000;68.5000000;55.0000000;55.0000000;900
20200316;120000;60.0000000;64.0000000;60.0000000;62.0000000;260
20200316;130000;64.0000000;64.0000000;60.0000000;60.0000000;110
20200316;140000;64.0000000;64.0000000;64.0000000;64.0000000;160
20200316;150000;64.0000000;64.0000000;64.0000000;64.0000000;40
20200316;170000;64.0000000;64.0000000;64.0000000;64.0000000;20
20200316;180000;65.0000000;65.0000000;65.0000000;65.0000000;10
20200317;110000;68.5000000;79.5000000;48.0000000;64.5000000;2810
20200317;120000;65.0000000;66.5000000;61.0000000;62.0000000;1080
20200317;130000;62.0000000;63.0000000;62.0000000;63.0000000;180
20200317;180000;62.5000000;62.5000000;60.0000000;60.0000000;110
20200317;190000;63.0000000;63.0000000;63.0000000;63.0000000;100
20200318;110000;60.0000000;62.5000000;60.0000000;62.5000000;20
20200318;160000;62.0000000;62.0000000;62.0000000;62.0000000;30
20200318;170000;62.0000000;62.0000000;62.0000000;62.0000000;20
20200319;180000;62.0000000;62.0000000;62.0000000;62.0000000;10
20200319;190000;63.0000000;63.0000000;63.0000000;63.0000000;40
20200320;110000;58.5000000;63.5000000;58.5000000;63.5000000;40
20200320;120000;61.0000000;68.0000000;60.5000000;65.5000000;230
20200320;180000;68.0000000;68.0000000;66.0000000;67.0000000;90
20200320;190000;65.0000000;65.0000000;65.0000000;65.0000000;10
20200323;140000;62.0000000;62.0000000;61.0000000;61.0000000;100
20200323;150000;62.0000000;62.0000000;62.0000000;62.0000000;10
20200324;130000;64.0000000;64.0000000;64.0000000;64.0000000;100
20200324;140000;63.0000000;63.0000000;62.5000000;62.5000000;310
20200324;150000;65.0000000;65.0000000;65.0000000;65.0000000;100
20200324;160000;62.0000000;62.0000000;62.0000000;62.0000000;120
20200324;170000;63.5000000;63.5000000;63.0000000;63.5000000;200
20200324;180000;63.5000000;63.5000000;63.5000000;63.5000000;10
20200324;190000;63.5000000;63.5000000;63.5000000;63.5000000;20
20200325;120000;65.0000000;65.0000000;65.0000000;65.0000000;60
20200325;130000;68.5000000;69.0000000;67.5000000;67.5000000;110
20200325;140000;67.0000000;67.0000000;67.0000000;67.0000000;10
20200325;150000;69.0000000;69.0000000;67.0000000;67.0000000;30
20200325;160000;68.0000000;68.0000000;68.0000000;68.0000000;10
20200325;170000;68.0000000;68.0000000;68.0000000;68.0000000;10
20200325;180000;67.0000000;67.0000000;63.5000000;63.5000000;230
20200325;190000;67.5000000;67.5000000;67.5000000;67.5000000;10
20200326;110000;68.5000000;71.0000000;68.5000000;71.0000000;70
20200326;120000;66.0000000;69.0000000;65.0000000;69.0000000;90
20200326;140000;67.0000000;71.0000000;67.0000000;71.0000000;350
20200326;150000;71.5000000;73.0000000;70.0000000;71.5000000;450
20200326;160000;71.5000000;71.5000000;71.0000000;71.0000000;40
20200326;170000;71.5000000;72.5000000;70.5000000;72.5000000;200
20200326;180000;72.0000000;72.0000000;70.5000000;70.5000000;90
20200326;190000;70.5000000;72.0000000;70.5000000;72.0000000;30
20200327;130000;69.5000000;69.5000000;69.5000000;69.5000000;10
20200327;140000;69.5000000;69.5000000;69.5000000;69.5000000;40
20200327;170000;70.0000000;70.0000000;70.0000000;70.0000000;20
20200327;180000;70.0000000;70.0000000;70.0000000;70.0000000;110
20200330;130000;69.0000000;69.0000000;69.0000000;69.0000000;10
20200330;140000;69.0000000;69.0000000;69.0000000;69.0000000;110
20200330;170000;69.0000000;70.5000000;69.0000000;70.5000000;20
20200331;120000;70.5000000;70.5000000;70.5000000;70.5000000;10
20200331;140000;73.5000000;73.5000000;73.5000000;73.5000000;40
20200331;160000;70.5000000;70.5000000;70.0000000;70.0000000;90
20200331;180000;72.5000000;72.5000000;70.5000000;72.5000000;60
20200401;150000;70.5000000;70.5000000;68.5000000;68.5000000;110
20200401;160000;72.0000000;72.0000000;72.0000000;72.0000000;20
20200401;170000;72.5000000;72.5000000;72.5000000;72.5000000;10
20200401;180000;73.0000000;79.0000000;73.0000000;79.0000000;1530
20200401;190000;74.0000000;78.0000000;74.0000000;78.0000000;60
20200402;110000;74.5000000;74.5000000;74.5000000;74.5000000;10
20200402;130000;75.5000000;78.0000000;75.0000000;78.0000000;160
20200402;150000;75.5000000;79.0000000;75.5000000;79.0000000;50
20200402;160000;79.0000000;81.0000000;79.0000000;81.0000000;50
20200402;190000;76.5000000;77.0000000;75.5000000;77.0000000;50
20200403;110000;75.5000000;75.5000000;75.5000000;75.5000000;10
20200403;120000;78.0000000;78.0000000;78.0000000;78.0000000;10
20200403;150000;78.5000000;78.5000000;78.5000000;78.5000000;20
20200403;160000;78.5000000;78.5000000;78.5000000;78.5000000;40
20200403;170000;79.0000000;79.0000000;79.0000000;79.0000000;10
